{"graph_0": {"_type": "graph-file", "path": "media/graph/graph_0_summary_45414b9d.graph.json", "sha256": "45414b9dc7cb7a1c11e8e844268a0b900840fc777f3b41346b7148cd2db6f66b", "size": 427}, "[Train] Epoch": 1, "[Train] Loss": 1.1691530926360025, "[Train] Elapsed Time:": 73.73216605186462, "[Train] Hits@10": 0.008909700335523794, "[Valid] Hits@10": 0.016110778243792024, "[Test] Hits@10": 0.01681452222150273, "[Train] Hits@50": 0.02104487333891974, "[Valid] Hits@50": 0.04338925504293988, "[Test] Hits@50": 0.0462345399209998, "[Train] Hits@100": 0.032430291454490556, "[Valid] Hits@100": 0.06945276612742161, "[Test] Hits@100": 0.07196356493772799, "[Eval] Elapsed Time": 1.0718140602111816, "[Valid] Best Hits@50": 0.04338925504293988, "_runtime": 78, "_timestamp": 1617865570, "_step": 0}