{"graph_0": {"_type": "graph-file", "path": "media/graph/graph_0_summary_c3571a9a.graph.json", "sha256": "c3571a9a963a029833eaaf3df843d4f8a3e0a7c6c3384ea630b66dd2bc3b6f86", "size": 650}, "[Train] Epoch": 5, "[Train] Loss": 34.53878402709961, "[Train] Elapsed Time:": 66.01515889167786, "[Train] Hits@10": 0.0, "[Valid] Hits@10": 0.0, "[Test] Hits@10": 0.0, "[Train] Hits@50": 0.0, "[Valid] Hits@50": 0.0, "[Test] Hits@50": 0.0, "[Train] Hits@100": 0.0, "[Valid] Hits@100": 0.0, "[Test] Hits@100": 0.0, "[Eval] Elapsed Time": 1.67165207862854, "_runtime": 302, "_timestamp": 1617865355, "_step": 4}