{"graph_0": {"_type": "graph-file", "path": "media/graph/graph_0_summary_a9a25241.graph.json", "sha256": "a9a25241f9618124c5ea1f750841ad38d6327a67623c9bd4d89cc26e624069a2", "size": 650}, "[Train] Epoch": 3, "[Train] Loss": 2.0684688434456335, "[Train] Elapsed Time:": 69.34646391868591, "[Train] Hits@10": 0.2770745876763139, "[Valid] Hits@10": 0.0, "[Test] Hits@10": 0.0, "[Train] Hits@50": 0.2777356914574342, "[Valid] Hits@50": 0.0, "[Test] Hits@50": 0.0, "[Train] Hits@100": 0.2779838394772598, "[Valid] Hits@100": 0.0, "[Test] Hits@100": 0.0, "[Eval] Elapsed Time": 1.3549408912658691, "_runtime": 191, "_timestamp": 1617866151, "_step": 2}