{"graph_0": {"_type": "graph-file", "path": "media/graph/graph_0_summary_560d15bd.graph.json", "sha256": "560d15bd9228161f7e3fdfc89cde0caeb253fd8143504dc59d5a9f04f65b9977", "size": 648}, "[Train] Epoch": 1, "[Train] Loss": 1.101461683710416, "[Train] Elapsed Time:": 107.58620309829712, "[Train] Hits@10": 0.014611738922456347, "[Valid] Hits@10": 0.013347979495373145, "[Test] Hits@10": 0.014310690927928511, "[Train] Hits@50": 0.0336558523288201, "[Valid] Hits@50": 0.03629918114639505, "[Test] Hits@50": 0.038248181484599277, "[Train] Hits@100": 0.04554930571340365, "[Valid] Hits@100": 0.053325344517675254, "[Test] Hits@100": 0.055753415787088, "[Eval] Elapsed Time": 1.443368911743164, "[Valid] Best Hits@50": 0.03629918114639505, "_runtime": 178, "_timestamp": 1617864867, "_step": 0}