{"graph_0": {"_type": "graph-file", "path": "media/graph/graph_0_summary_19f9b92b.graph.json", "sha256": "19f9b92bc74c489549b8e51846637c84039e26bebdde871cc989483f3ed3dd4f", "size": 251}, "[Train] Epoch": 3, "[Train] Loss": 1.084375464554989, "[Train] Elapsed Time:": 57.391042709350586, "[Train] Hits@10": 0.0, "[Valid] Hits@10": 0.0, "[Test] Hits@10": 0.0, "[Train] Hits@50": 9.364076219834798e-07, "[Valid] Hits@50": 0.0, "[Test] Hits@50": 0.0, "[Train] Hits@100": 1.8728152439669597e-06, "[Valid] Hits@100": 0.0, "[Test] Hits@100": 0.0, "[Eval] Elapsed Time": 1.7313108444213867, "_runtime": 183, "_timestamp": 1617864523, "_step": 2}